{"episode_reward_mean":332.5217391304348,"_timestamp":1.744740572568391e+09,"_runtime":6360.426657731,"_step":12,"_wandb":{"runtime":6370}}