{"_step":99,"_wandb":{"runtime":53763},"episode_reward_mean":336.57971014492756,"_timestamp":1.7447976248943825e+09,"_runtime":53763.390096184}