{"_step":60,"episode_reward_mean":130.92,"_timestamp":1.7446857997810588e+09,"_runtime":14382.246070107,"_wandb":{"runtime":14512}}