{"_runtime":3877.268172816,"_step":23,"_wandb":{"runtime":4564},"episode_reward_mean":205.84,"_timestamp":1.7447308797948337e+09}