{"_wandb":{"runtime":16191},"episode_reward_mean":223.82857142857142,"_timestamp":1.7451369991849504e+09,"_runtime":15168.794759024,"_step":51}