{"_wandb":{"runtime":0},"acc":0.8695124795093222,"loss":0.10877035340911347,"_timestamp":1.744648358101015e+09,"_runtime":0.482193583,"_step":7}